<?xml version="1.0" encoding="UTF-8"?>
<metadata xml:lang="en"><Esri><CreaDate>20220204</CreaDate><CreaTime>11253900</CreaTime><ArcGISFormat>1.0</ArcGISFormat><SyncOnce>TRUE</SyncOnce><DataProperties><lineage><Process ToolSource="c:\program files (x86)\arcgis\desktop10.8\ArcToolbox\Toolboxes\Data Management Tools.tbx\CalculateField" Date="20220204" Time="112539">CalculateField Results\Wyoming\WY_AVC_Wild AVC_mi_yr ( [Count_]/ [Length])/10 VB #</Process><Process ToolSource="c:\program files (x86)\arcgis\desktop10.8\ArcToolbox\Toolboxes\Data Management Tools.tbx\CalculateField" Date="20220504" Time="111309">CalculateField "State Results\Wyoming\WY_AVC_Wild" AVC_km [AVC_mi_yr]/1.60934 VB #</Process></lineage></DataProperties></Esri></metadata>
