<?xml version="1.0" encoding="UTF-8"?>
<metadata xml:lang="en"><Esri><CreaDate>20220207</CreaDate><CreaTime>09512400</CreaTime><ArcGISFormat>1.0</ArcGISFormat><SyncOnce>TRUE</SyncOnce><DataProperties><lineage><Process ToolSource="c:\program files (x86)\arcgis\desktop10.8\ArcToolbox\Toolboxes\Data Management Tools.tbx\CalculateField" Date="20220207" Time="095124">CalculateField "State Results\California\CA_AVC_Deer" AVC_mi_yr ( [Count_]/ [Length])/10 VB #</Process></lineage></DataProperties></Esri></metadata>
