<?xml version="1.0" encoding="UTF-8"?>
<metadata xml:lang="en"><Esri><CreaDate>20220204</CreaDate><CreaTime>10340400</CreaTime><ArcGISFormat>1.0</ArcGISFormat><SyncOnce>TRUE</SyncOnce><DataProperties><lineage><Process ToolSource="c:\program files (x86)\arcgis\desktop10.8\ArcToolbox\Toolboxes\Data Management Tools.tbx\CalculateField" Date="20220204" Time="103404">CalculateField Results\Montana\MT_AVC_Wild AVC_mi_yr ( [Count_]/ [Length])/13 VB #</Process></lineage></DataProperties></Esri></metadata>
