<?xml version="1.0" encoding="UTF-8"?>
<metadata xml:lang="en"><Esri><CreaDate>20220204</CreaDate><CreaTime>11593800</CreaTime><ArcGISFormat>1.0</ArcGISFormat><SyncOnce>TRUE</SyncOnce><DataProperties><lineage><Process ToolSource="c:\program files (x86)\arcgis\desktop10.8\ArcToolbox\Toolboxes\Data Management Tools.tbx\CalculateField" Date="20220204" Time="115938">CalculateField Results\Colorado\CO_AVC_Wild AVC_mi_yr ( [Count_]/ [Length])/6 VB #</Process></lineage></DataProperties></Esri></metadata>
