<?xml version="1.0" encoding="UTF-8"?>
<metadata xml:lang="en"><Esri><CreaDate>20220302</CreaDate><CreaTime>09503600</CreaTime><ArcGISFormat>1.0</ArcGISFormat><SyncOnce>TRUE</SyncOnce><DataProperties><lineage><Process ToolSource="c:\program files (x86)\arcgis\desktop10.8\ArcToolbox\Toolboxes\Data Management Tools.tbx\CalculateField" Date="20220302" Time="095036">CalculateField "State Results\Oregon\OR_AVC_Deer_Elk" AVC_mi_yr ( [Count_]/ [Length])/10 VB #</Process></lineage></DataProperties></Esri></metadata>
