<?xml version="1.0" encoding="UTF-8"?>
<metadata xml:lang="en"><Esri><CreaDate>20220526</CreaDate><CreaTime>08513900</CreaTime><ArcGISFormat>1.0</ArcGISFormat><SyncOnce>TRUE</SyncOnce><DataProperties><lineage><Process ToolSource="c:\program files (x86)\arcgis\desktop10.8\ArcToolbox\Toolboxes\Data Management Tools.tbx\CalculateField" Date="20220526" Time="085139">CalculateField "State Results\Washington\WA_AVC_LgWild" LgW_mi_yr ( [Count_] / [Length])/11 VB #</Process></lineage></DataProperties></Esri></metadata>
